Make,Model,Type,Origin,DriveTrain,MSRP,Invoice,EngineSize,Cylinders,Horsepower,MPG_City,MPG_Highway,Weight,Wheelbase,Length,sqrt_Length
Acura,MDX,SUV,Asia,All,36945.00,33337.00,3.5,6,265,17,23,4451,106,189,13.74772709
Acura,RSX Type S 2dr,Sedan,Asia,Front,23820.00,21761.00,2,4,200,24,31,2778,101,172,13.11487705
Acura,TSX 4dr,Sedan,Asia,Front,26990.00,24647.00,2.4,4,200,22,29,3230,105,183,13.52774926
Acura,TL 4dr,Sedan,Asia,Front,33195.00,30299.00,3.2,6,270,20,28,3575,108,186,13.6381817
Acura,3.5 RL 4dr,Sedan,Asia,Front,43755.00,39014.00,3.5,6,225,18,24,3880,115,197,14.03566885
Acura,3.5 RL w/Navigation 4dr,Sedan,Asia,Front,46100.00,41100.00,3.5,6,225,18,24,3893,115,197,14.03566885
Acura,NSX coupe 2dr manual S,Sports,Asia,Rear,89765.00,79978.00,3.2,6,290,17,24,3153,100,174,13.19090596
Audi,A4 1.8T 4dr,Sedan,Europe,Front,25940.00,23508.00,1.8,4,170,22,31,3252,104,179,13.37908816
Audi,A41.8T convertible 2dr,Sedan,Europe,Front,35940.00,32506.00,1.8,4,170,23,30,3638,105,180,13.41640787
Audi,A4 3.0 4dr,Sedan,Europe,Front,31840.00,28846.00,3,6,220,20,28,3462,104,179,13.37908816
Audi,A4 3.0 Quattro 4dr manual,Sedan,Europe,All,33430.00,30366.00,3,6,220,17,26,3583,104,179,13.37908816
Audi,A4 3.0 Quattro 4dr auto,Sedan,Europe,All,34480.00,31388.00,3,6,220,18,25,3627,104,179,13.37908816
Audi,A6 3.0 4dr,Sedan,Europe,Front,36640.00,33129.00,3,6,220,20,27,3561,109,192,13.85640646
Audi,A6 3.0 Quattro 4dr,Sedan,Europe,All,39640.00,35992.00,3,6,220,18,25,3880,109,192,13.85640646
Audi,A4 3.0 convertible 2dr,Sedan,Europe,Front,42490.00,38325.00,3,6,220,20,27,3814,105,180,13.41640787
Audi,A4 3.0 Quattro convertible 2dr,Sedan,Europe,All,44240.00,40075.00,3,6,220,18,25,4013,105,180,13.41640787
Audi,A6 2.7 Turbo Quattro 4dr,Sedan,Europe,All,42840.00,38840.00,2.7,6,250,18,25,3836,109,192,13.85640646
Audi,A6 4.2 Quattro 4dr,Sedan,Europe,All,49690.00,44936.00,4.2,8,300,17,24,4024,109,193,13.89244399
Audi,A8 L Quattro 4dr,Sedan,Europe,All,69190.00,64740.00,4.2,8,330,17,24,4399,121,204,14.28285686
Audi,S4 Quattro 4dr,Sedan,Europe,All,48040.00,43556.00,4.2,8,340,14,20,3825,104,179,13.37908816
Audi,RS 6 4dr,Sports,Europe,Front,84600.00,76417.00,4.2,8,450,15,22,4024,109,191,13.82027496
Audi,TT 1.8 convertible 2dr (coupe),Sports,Europe,Front,35940.00,32512.00,1.8,4,180,20,28,3131,95,159,12.60952021
Audi,TT 1.8 Quattro 2dr (convertible),Sports,Europe,All,37390.00,33891.00,1.8,4,225,20,28,2921,96,159,12.60952021
Audi,TT 3.2 coupe 2dr (convertible),Sports,Europe,All,40590.00,36739.00,3.2,6,250,21,29,3351,96,159,12.60952021
Audi,A6 3.0 Avant Quattro,Wagon,Europe,All,40840.00,37060.00,3,6,220,18,25,4035,109,192,13.85640646
Audi,S4 Avant Quattro,Wagon,Europe,All,49090.00,44446.00,4.2,8,340,15,21,3936,104,179,13.37908816
BMW,X3 3.0i,SUV,Europe,All,37000.00,33873.00,3,6,225,16,23,4023,110,180,13.41640787
BMW,X5 4.4i,SUV,Europe,All,52195.00,47720.00,4.4,8,325,16,22,4824,111,184,13.56465997
BMW,325i 4dr,Sedan,Europe,Rear,28495.00,26155.00,2.5,6,184,20,29,3219,107,176,13.26649916
BMW,325Ci 2dr,Sedan,Europe,Rear,30795.00,28245.00,2.5,6,184,20,29,3197,107,177,13.3041347
BMW,325Ci convertible 2dr,Sedan,Europe,Rear,37995.00,34800.00,2.5,6,184,19,27,3560,107,177,13.3041347
BMW,325xi 4dr,Sedan,Europe,All,30245.00,27745.00,2.5,6,184,19,27,3461,107,176,13.26649916
BMW,330i 4dr,Sedan,Europe,Rear,35495.00,32525.00,3,6,225,20,30,3285,107,176,13.26649916
BMW,330Ci 2dr,Sedan,Europe,Rear,36995.00,33890.00,3,6,225,20,30,3285,107,176,13.26649916
BMW,330xi 4dr,Sedan,Europe,All,37245.00,34115.00,3,6,225,20,29,3483,107,176,13.26649916
BMW,525i 4dr,Sedan,Europe,Rear,39995.00,36620.00,2.5,6,184,19,28,3428,114,191,13.82027496
BMW,330Ci convertible 2dr,Sedan,Europe,Rear,44295.00,40530.00,3,6,225,19,28,3616,107,177,13.3041347
BMW,530i 4dr,Sedan,Europe,Rear,44995.00,41170.00,3,6,225,20,30,3472,114,191,13.82027496
BMW,545iA 4dr,Sedan,Europe,Rear,54995.00,50270.00,4.4,8,325,18,26,3814,114,191,13.82027496
BMW,745i 4dr,Sedan,Europe,Rear,69195.00,63190.00,4.4,8,325,18,26,4376,118,198,14.07124728
BMW,745Li 4dr,Sedan,Europe,Rear,73195.00,66830.00,4.4,8,325,18,26,4464,123,204,14.28285686
BMW,M3 coupe 2dr,Sports,Europe,Rear,48195.00,44170.00,3.2,6,333,16,24,3415,108,177,13.3041347
BMW,M3 convertible 2dr,Sports,Europe,Rear,56595.00,51815.00,3.2,6,333,16,23,3781,108,177,13.3041347
BMW,Z4 convertible 2.5i 2dr,Sports,Europe,Rear,33895.00,31065.00,2.5,6,184,20,28,2932,98,161,12.68857754
BMW,Z4 convertible 3.0i 2dr,Sports,Europe,Rear,41045.00,37575.00,3,6,225,21,29,2998,98,161,12.68857754
BMW,325xi Sport,Wagon,Europe,All,32845.00,30110.00,2.5,6,184,19,26,3594,107,176,13.26649916
Buick,Rainier,SUV,USA,All,37895.00,34357.00,4.2,6,275,15,21,4600,113,193,13.89244399
Buick,Rendezvous CX,SUV,USA,Front,26545.00,24085.00,3.4,6,185,19,26,4024,112,187,13.67479433
Buick,Century Custom 4dr,Sedan,USA,Front,22180.00,20351.00,3.1,6,175,20,30,3353,109,195,13.96424004
Buick,LeSabre Custom 4dr,Sedan,USA,Front,26470.00,24282.00,3.8,6,205,20,29,3567,112,200,14.14213562
Buick,Regal LS 4dr,Sedan,USA,Front,24895.00,22835.00,3.8,6,200,20,30,3461,109,196,14
Buick,Regal GS 4dr,Sedan,USA,Front,28345.00,26047.00,3.8,6,240,18,28,3536,109,196,14
Buick,LeSabre Limited 4dr,Sedan,USA,Front,32245.00,29566.00,3.8,6,205,20,29,3591,112,200,14.14213562
Buick,Park Avenue 4dr,Sedan,USA,Front,35545.00,32244.00,3.8,6,205,20,29,3778,114,207,14.38749457
Buick,Park Avenue Ultra 4dr,Sedan,USA,Front,40720.00,36927.00,3.8,6,240,18,28,3909,114,207,14.38749457
Cadillac,Escalade,SUV,USA,Front,52795.00,48377.00,5.3,8,295,14,18,5367,116,199,14.10673598
Cadillac,SRX V8,SUV,USA,Front,46995.00,43523.00,4.6,8,320,16,21,4302,116,195,13.96424004
Cadillac,CTS VVT 4dr,Sedan,USA,Rear,30835.00,28575.00,3.6,6,255,18,25,3694,113,190,13.78404875
Cadillac,Deville 4dr,Sedan,USA,Front,45445.00,41650.00,4.6,8,275,18,26,3984,115,207,14.38749457
Cadillac,Deville DTS 4dr,Sedan,USA,Front,50595.00,46362.00,4.6,8,300,18,26,4044,115,207,14.38749457
Cadillac,Seville SLS 4dr,Sedan,USA,Front,47955.00,43841.00,4.6,8,275,18,26,3992,112,201,14.17744688
Cadillac,XLR convertible 2dr,Sports,USA,Rear,76200.00,70546.00,4.6,8,320,17,25,3647,106,178,13.34166406
Cadillac,Escalade EXT,Truck,USA,All,52975.00,48541.00,6,8,345,13,17,5879,130,221,14.86606875
Chevrolet,Suburban 1500 LT,SUV,USA,Front,42735.00,37422.00,5.3,8,295,14,18,4947,130,219,14.79864859
Chevrolet,Tahoe LT,SUV,USA,All,41465.00,36287.00,5.3,8,295,14,18,5050,116,197,14.03566885
Chevrolet,TrailBlazer LT,SUV,USA,Front,30295.00,27479.00,4.2,6,275,16,21,4425,113,192,13.85640646
Chevrolet,Tracker,SUV,USA,Front,20255.00,19108.00,2.5,6,165,19,22,2866,98,163,12.76714534
Chevrolet,Aveo 4dr,Sedan,USA,Front,11690.00,10965.00,1.6,4,103,28,34,2370,98,167,12.92284798
Chevrolet,Aveo LS 4dr hatch,Sedan,USA,Front,12585.00,11802.00,1.6,4,103,28,34,2348,98,153,12.36931688
Chevrolet,Cavalier 2dr,Sedan,USA,Front,14610.00,13697.00,2.2,4,140,26,37,2617,104,183,13.52774926
Chevrolet,Cavalier 4dr,Sedan,USA,Front,14810.00,13884.00,2.2,4,140,26,37,2676,104,183,13.52774926
Chevrolet,Cavalier LS 2dr,Sedan,USA,Front,16385.00,15357.00,2.2,4,140,26,37,2617,104,183,13.52774926
Chevrolet,Impala 4dr,Sedan,USA,Front,21900.00,20095.00,3.4,6,180,21,32,3465,111,200,14.14213562
Chevrolet,Malibu 4dr,Sedan,USA,Front,18995.00,17434.00,2.2,4,145,24,34,3174,106,188,13.7113092
Chevrolet,Malibu LS 4dr,Sedan,USA,Front,20370.00,18639.00,3.5,6,200,22,30,3297,106,188,13.7113092
Chevrolet,Monte Carlo LS 2dr,Sedan,USA,Front,21825.00,20026.00,3.4,6,180,21,32,3340,111,198,14.07124728
Chevrolet,Impala LS 4dr,Sedan,USA,Front,25000.00,22931.00,3.8,6,200,20,30,3476,111,200,14.14213562
Chevrolet,Impala SS 4dr,Sedan,USA,Front,27995.00,25672.00,3.8,6,240,18,28,3606,111,200,14.14213562
Chevrolet,Malibu LT 4dr,Sedan,USA,Front,23495.00,21551.00,3.5,6,200,23,32,3315,106,188,13.7113092
Chevrolet,Monte Carlo SS 2dr,Sedan,USA,Front,24225.00,22222.00,3.8,6,200,18,28,3434,111,198,14.07124728
Chevrolet,Astro,Sedan,USA,All,26395.00,23954.00,4.3,6,190,14,17,4605,111,190,13.78404875
Chevrolet,Venture LS,Sedan,USA,Front,27020.00,24518.00,3.4,6,185,19,26,3699,112,187,13.67479433
Chevrolet,Corvette 2dr,Sports,USA,Rear,44535.00,39068.00,5.7,8,350,18,25,3246,105,180,13.41640787
Chevrolet,Corvette convertible 2dr,Sports,USA,Rear,51535.00,45193.00,5.7,8,350,18,25,3248,105,180,13.41640787
Chevrolet,Avalanche 1500,Truck,USA,All,36100.00,31689.00,5.3,8,295,14,18,5678,130,222,14.89966443
Chevrolet,Colorado Z85,Truck,USA,All,18760.00,17070.00,2.8,4,175,18,23,3623,111,192,13.85640646
Chevrolet,Silverado 1500 Regular Cab,Truck,USA,Rear,20310.00,18480.00,4.3,6,200,15,21,4142,119,206,14.35270009
Chevrolet,Silverado SS,Truck,USA,All,40340.00,35399.00,6,8,300,13,17,4804,144,238,15.42724862
Chevrolet,SSR,Truck,USA,Rear,41995.00,39306.00,5.3,8,300,16,19,4760,116,191,13.82027496
Chevrolet,Malibu Maxx LS,Wagon,USA,Front,22225.00,20394.00,3.5,6,200,22,30,3458,112,188,13.7113092
Chrysler,PT Cruiser 4dr,Sedan,USA,Front,17985.00,16919.00,2.4,4,150,22,29,3101,103,169,13
Chrysler,PT Cruiser Limited 4dr,Sedan,USA,Front,22000.00,20573.00,2.4,4,150,22,29,3105,103,169,13
Chrysler,Sebring 4dr,Sedan,USA,Front,19090.00,17805.00,2.4,4,150,22,30,3173,108,191,13.82027496
Chrysler,Sebring Touring 4dr,Sedan,USA,Front,21840.00,20284.00,2.7,6,200,21,28,3222,108,191,13.82027496
Chrysler,300M 4dr,Sedan,USA,Front,29865.00,27797.00,3.5,6,250,18,27,3581,113,198,14.07124728
Chrysler,Concorde LX 4dr,Sedan,USA,Front,24130.00,22452.00,2.7,6,200,21,29,3479,113,208,14.4222051
Chrysler,Concorde LXi 4dr,Sedan,USA,Front,26860.00,24909.00,3.5,6,232,19,27,3548,113,208,14.4222051
Chrysler,PT Cruiser GT 4dr,Sedan,USA,Front,25955.00,24172.00,2.4,4,220,21,27,3217,103,169,13
Chrysler,Sebring convertible 2dr,Sedan,USA,Front,25215.00,23451.00,2.4,4,150,22,30,3357,106,194,13.92838828
Chrysler,300M Special Edition 4dr,Sedan,USA,Front,33295.00,30884.00,3.5,6,255,18,27,3650,113,198,14.07124728
Chrysler,Sebring Limited convertible 2dr,Sedan,USA,Front,30950.00,28613.00,2.7,6,200,21,28,3448,106,194,13.92838828
Chrysler,Town and Country LX,Sedan,USA,Front,27490.00,25371.00,3.3,6,180,19,26,4068,119,201,14.17744688
Chrysler,Town and Country Limited,Sedan,USA,Front,38380.00,35063.00,3.8,6,215,18,25,4331,119,201,14.17744688
Chrysler,Crossfire 2dr,Sports,USA,Rear,34495.00,32033.00,3.2,6,215,17,25,3060,95,160,12.64911064
Chrysler,Pacifica,Wagon,USA,Rear,31230.00,28725.00,3.5,6,250,17,23,4675,116,199,14.10673598
Dodge,Durango SLT,SUV,USA,All,32235.00,29472.00,4.7,8,230,15,21,4987,119,201,14.17744688
Dodge,Neon SE 4dr,Sedan,USA,Front,13670.00,12849.00,2,4,132,29,36,2581,105,174,13.19090596
Dodge,Neon SXT 4dr,Sedan,USA,Front,15040.00,14086.00,2,4,132,29,36,2626,105,174,13.19090596
Dodge,Intrepid SE 4dr,Sedan,USA,Front,22035.00,20502.00,2.7,6,200,21,29,3469,113,204,14.28285686
Dodge,Stratus SXT 4dr,Sedan,USA,Front,18820.00,17512.00,2.4,4,150,21,28,3182,108,191,13.82027496
Dodge,Stratus SE 4dr,Sedan,USA,Front,20220.00,18821.00,2.4,4,150,21,28,3175,108,191,13.82027496
Dodge,Intrepid ES 4dr,Sedan,USA,Front,24885.00,23058.00,3.5,6,232,18,27,3487,113,204,14.28285686
Dodge,Caravan SE,Sedan,USA,Front,21795.00,20508.00,2.4,4,150,20,26,3862,113,189,13.74772709
Dodge,Grand Caravan SXT,Sedan,USA,All,32660.00,29812.00,3.8,6,215,18,25,4440,119,201,14.17744688
Dodge,Viper SRT-10 convertible 2dr,Sports,USA,Rear,81795.00,74451.00,8.3,10,500,12,20,3410,99,176,13.26649916
Dodge,Dakota Regular Cab,Truck,USA,Rear,17630.00,16264.00,3.7,6,210,16,22,3714,112,193,13.89244399
Dodge,Dakota Club Cab,Truck,USA,Rear,20300.00,18670.00,3.7,6,210,16,22,3829,131,219,14.79864859
Dodge,Ram 1500 Regular Cab ST,Truck,USA,Rear,20215.00,18076.00,3.7,6,215,16,21,4542,121,208,14.4222051
Ford,Excursion 6.8 XLT,SUV,USA,All,41475.00,36494.00,6.8,10,310,10,13,7190,137,227,15.06651917
Ford,Expedition 4.6 XLT,SUV,USA,Front,34560.00,30468.00,4.6,8,232,15,19,5000,119,206,14.35270009
Ford,Explorer XLT V6,SUV,USA,All,29670.00,26983.00,4,6,210,15,20,4463,114,190,13.78404875
Ford,Escape XLS,SUV,USA,All,22515.00,20907.00,3,6,201,18,23,3346,103,173,13.15294644
Ford,Focus ZX3 2dr hatch,Sedan,USA,Front,13270.00,12482.00,2,4,130,26,33,2612,103,168,12.9614814
Ford,Focus LX 4dr,Sedan,USA,Front,13730.00,12906.00,2,4,110,27,36,2606,103,168,12.9614814
Ford,Focus SE 4dr,Sedan,USA,Front,15460.00,14496.00,2,4,130,26,33,2606,103,168,12.9614814
Ford,Focus ZX5 5dr,Sedan,USA,Front,15580.00,14607.00,2,4,130,26,33,2691,103,168,12.9614814
Ford,Focus SVT 2dr,Sedan,USA,Front,19135.00,17878.00,2,4,170,21,28,2750,103,168,12.9614814
Ford,Taurus LX 4dr,Sedan,USA,Front,20320.00,18881.00,3,6,155,20,27,3306,109,198,14.07124728
Ford,Taurus SES Duratec 4dr,Sedan,USA,Front,22735.00,20857.00,3,6,201,19,26,3313,109,198,14.07124728
Ford,Crown Victoria 4dr,Sedan,USA,Rear,24345.00,22856.00,4.6,8,224,17,25,4057,115,212,14.56021978
Ford,Crown Victoria LX 4dr,Sedan,USA,Rear,27370.00,25105.00,4.6,8,224,17,25,4057,115,212,14.56021978
Ford,Crown Victoria LX Sport 4dr,Sedan,USA,Rear,30315.00,27756.00,4.6,8,239,17,25,4057,115,212,14.56021978
Ford,Freestar SE,Sedan,USA,Front,26930.00,24498.00,3.9,6,193,17,23,4275,121,201,14.17744688
Ford,Mustang 2dr (convertible),Sports,USA,Rear,18345.00,16943.00,3.8,6,193,20,29,3290,101,183,13.52774926
Ford,Mustang GT Premium convertible 2dr,Sports,USA,Rear,29380.00,26875.00,4.6,8,260,17,25,3347,101,183,13.52774926
Ford,Thunderbird Deluxe convert w/hardtop 2d,Sports,USA,Front,37530.00,34483.00,3.9,8,280,17,24,3780,107,186,13.6381817
Ford,F-150 Regular Cab XL,Truck,USA,Rear,22010.00,19490.00,4.6,8,231,15,19,4788,126,211,14.52583905
Ford,F-150 Supercab Lariat,Truck,USA,All,33540.00,29405.00,5.4,8,300,14,18,5464,133,218,14.76482306
Ford,Ranger 2.3 XL Regular Cab,Truck,USA,Rear,14385.00,13717.00,2.3,4,143,24,29,3028,111,188,13.7113092
Ford,Focus ZTW,Wagon,USA,Front,17475.00,16375.00,2,4,130,26,33,2702,103,178,13.34166406
Ford,Taurus SE,Wagon,USA,Front,22290.00,20457.00,3,6,155,19,26,3497,109,198,14.07124728
GMC,Envoy XUV SLE,SUV,USA,Front,31890.00,28922.00,4.2,6,275,15,19,4945,129,208,14.4222051
GMC,Yukon 1500 SLE,SUV,USA,Front,35725.00,31361.00,4.8,8,285,16,19,5042,116,199,14.10673598
GMC,Yukon XL 2500 SLT,SUV,USA,All,46265.00,40534.00,6,8,325,13,17,6133,130,219,14.79864859
GMC,Safari SLE,Sedan,USA,Rear,25640.00,23215.00,4.3,6,190,16,20,4309,111,190,13.78404875
GMC,Canyon Z85 SL Regular Cab,Truck,USA,Rear,16530.00,14877.00,2.8,4,175,18,25,3351,111,192,13.85640646
GMC,Sierra Extended Cab 1500,Truck,USA,Rear,25717.00,22604.00,4.8,8,285,17,20,4548,144,230,15.16575089
GMC,Sierra HD 2500,Truck,USA,All,29322.00,25759.00,6,8,300,13,18,5440,133,222,14.89966443
GMC,Sonoma Crew Cab,Truck,USA,All,25395.00,23043.00,4.3,6,190,15,19,4083,123,208,14.4222051
Honda,Civic Hybrid 4dr manual (gas/electric),Hybrid,Asia,Front,20140.00,18451.00,1.4,4,93,46,51,2732,103,175,13.22875656
Honda,Insight 2dr (gas/electric),Hybrid,Asia,Front,19110.00,17911.00,2,3,73,60,66,1850,95,155,12.4498996
Honda,Pilot LX,SUV,Asia,All,27560.00,24843.00,3.5,6,240,17,22,4387,106,188,13.7113092
Honda,CR-V LX,SUV,Asia,All,19860.00,18419.00,2.4,4,160,21,25,3258,103,179,13.37908816
Honda,Element LX,SUV,Asia,All,18690.00,17334.00,2.4,4,160,21,24,3468,101,167,12.92284798
Honda,Civic DX 2dr,Sedan,Asia,Front,13270.00,12175.00,1.7,4,115,32,38,2432,103,175,13.22875656
Honda,Civic HX 2dr,Sedan,Asia,Front,14170.00,12996.00,1.7,4,117,36,44,2500,103,175,13.22875656
Honda,Civic LX 4dr,Sedan,Asia,Front,15850.00,14531.00,1.7,4,115,32,38,2513,103,175,13.22875656
Honda,Accord LX 2dr,Sedan,Asia,Front,19860.00,17924.00,2.4,4,160,26,34,2994,105,188,13.7113092
Honda,Accord EX 2dr,Sedan,Asia,Front,22260.00,20080.00,2.4,4,160,26,34,3047,105,188,13.7113092
Honda,Civic EX 4dr,Sedan,Asia,Front,17750.00,16265.00,1.7,4,127,32,37,2601,103,175,13.22875656
Honda,Civic Si 2dr hatch,Sedan,Asia,Front,19490.00,17849.00,2,4,160,26,30,2782,101,166,12.88409873
Honda,Accord LX V6 4dr,Sedan,Asia,Front,23760.00,21428.00,3,6,240,21,30,3349,108,190,13.78404875
Honda,Accord EX V6 2dr,Sedan,Asia,Front,26960.00,24304.00,3,6,240,21,30,3294,105,188,13.7113092
Honda,Odyssey LX,Sedan,Asia,Front,24950.00,22498.00,3.5,6,240,18,25,4310,118,201,14.17744688
Honda,Odyssey EX,Sedan,Asia,Front,27450.00,24744.00,3.5,6,240,18,25,4365,118,201,14.17744688
Honda,S2000 convertible 2dr,Sports,Asia,Rear,33260.00,29965.00,2.2,4,240,20,25,2835,95,162,12.72792206
Hummer,H2,SUV,USA,All,49995.00,45815.00,6,8,316,10,12,6400,123,190,13.78404875
Hyundai,Santa Fe GLS,SUV,Asia,Front,21589.00,20201.00,2.7,6,173,20,26,3549,103,177,13.3041347
Hyundai,Accent 2dr hatch,Sedan,Asia,Front,10539.00,10107.00,1.6,4,103,29,33,2255,96,167,12.92284798
Hyundai,Accent GL 4dr,Sedan,Asia,Front,11839.00,11116.00,1.6,4,103,29,33,2290,96,167,12.92284798
Hyundai,Accent GT 2dr hatch,Sedan,Asia,Front,11939.00,11209.00,1.6,4,103,29,33,2339,96,167,12.92284798
Hyundai,Elantra GLS 4dr,Sedan,Asia,Front,13839.00,12781.00,2,4,138,26,34,2635,103,178,13.34166406
Hyundai,Elantra GT 4dr,Sedan,Asia,Front,15389.00,14207.00,2,4,138,26,34,2635,103,178,13.34166406
Hyundai,Elantra GT 4dr hatch,Sedan,Asia,Front,15389.00,14207.00,2,4,138,26,34,2698,103,178,13.34166406
Hyundai,Sonata GLS 4dr,Sedan,Asia,Front,19339.00,17574.00,2.7,6,170,19,27,3217,106,187,13.67479433
Hyundai,Sonata LX 4dr,Sedan,Asia,Front,20339.00,18380.00,2.7,6,170,19,27,3217,106,187,13.67479433
Hyundai,XG350 4dr,Sedan,Asia,Front,24589.00,22055.00,3.5,6,194,17,26,3651,108,192,13.85640646
Hyundai,XG350 L 4dr,Sedan,Asia,Front,26189.00,23486.00,3.5,6,194,17,26,3651,108,192,13.85640646
Hyundai,Tiburon GT V6 2dr,Sports,Asia,Front,18739.00,17101.00,2.7,6,172,19,26,3023,100,173,13.15294644
Infiniti,G35 4dr,Sedan,Asia,Rear,28495.00,26157.00,3.5,6,260,18,26,3336,112,187,13.67479433
Infiniti,G35 Sport Coupe 2dr,Sedan,Asia,Rear,29795.00,27536.00,3.5,6,280,18,26,3416,112,182,13.49073756
Infiniti,G35 4dr,Sedan,Asia,All,32445.00,29783.00,3.5,6,260,18,26,3677,112,187,13.67479433
Infiniti,I35 4dr,Sedan,Asia,Front,31145.00,28320.00,3.5,6,255,19,26,3306,108,194,13.92838828
Infiniti,M45 4dr,Sedan,Asia,Rear,42845.00,38792.00,4.5,8,340,17,23,3851,110,197,14.03566885
Infiniti,Q45 Luxury 4dr,Sedan,Asia,Rear,52545.00,47575.00,4.5,8,340,17,23,3977,113,200,14.14213562
Infiniti,FX35,Wagon,Asia,Rear,34895.00,31756.00,3.5,6,280,16,22,4056,112,189,13.74772709
Infiniti,FX45,Wagon,Asia,All,36395.00,33121.00,4.5,8,315,15,19,4309,112,189,13.74772709
Isuzu,Ascender S,SUV,Asia,All,31849.00,29977.00,4.2,6,275,15,20,4967,129,208,14.4222051
Isuzu,Rodeo S,SUV,Asia,Front,20449.00,19261.00,3.2,6,193,17,21,3836,106,178,13.34166406
Jaguar,X-Type 2.5 4dr,Sedan,Europe,All,29995.00,27355.00,2.5,6,192,18,26,3428,107,184,13.56465997
Jaguar,X-Type 3.0 4dr,Sedan,Europe,All,33995.00,30995.00,3,6,227,18,25,3516,107,184,13.56465997
Jaguar,S-Type 3.0 4dr,Sedan,Europe,Rear,43895.00,40004.00,3,6,235,18,26,3777,115,192,13.85640646
Jaguar,S-Type 4.2 4dr,Sedan,Europe,Rear,49995.00,45556.00,4.2,8,294,18,28,3874,115,192,13.85640646
Jaguar,S-Type R 4dr,Sedan,Europe,Rear,63120.00,57499.00,4.2,8,390,17,24,4046,115,192,13.85640646
Jaguar,Vanden Plas 4dr,Sedan,Europe,Rear,68995.00,62846.00,4.2,8,294,18,28,3803,119,200,14.14213562
Jaguar,XJ8 4dr,Sedan,Europe,Rear,59995.00,54656.00,4.2,8,294,18,28,3803,119,200,14.14213562
Jaguar,XJR 4dr,Sedan,Europe,Rear,74995.00,68306.00,4.2,8,390,17,24,3948,119,200,14.14213562
Jaguar,XK8 coupe 2dr,Sports,Europe,Rear,69995.00,63756.00,4.2,8,294,18,26,3779,102,187,13.67479433
Jaguar,XK8 convertible 2dr,Sports,Europe,Rear,74995.00,68306.00,4.2,8,294,18,26,3980,102,187,13.67479433
Jaguar,XKR coupe 2dr,Sports,Europe,Rear,81995.00,74676.00,4.2,8,390,16,23,3865,102,187,13.67479433
Jaguar,XKR convertible 2dr,Sports,Europe,Rear,86995.00,79226.00,4.2,8,390,16,23,4042,102,187,13.67479433
Jeep,Grand Cherokee Laredo,SUV,USA,Front,27905.00,25686.00,4,6,195,16,21,3790,106,181,13.45362405
Jeep,Liberty Sport,SUV,USA,All,20130.00,18973.00,2.4,4,150,20,24,3826,104,174,13.19090596
Jeep,Wrangler Sahara convertible 2dr,SUV,USA,All,25520.00,23275.00,4,6,190,16,19,3575,93,150,12.24744871
Kia,Sorento LX,SUV,Asia,Front,19635.00,18630.00,3.5,6,192,16,19,4112,107,180,13.41640787
Kia,Optima LX 4dr,Sedan,Asia,Front,16040.00,14910.00,2.4,4,138,23,30,3281,106,186,13.6381817
Kia,Rio 4dr manual,Sedan,Asia,Front,10280.00,9875.00,1.6,4,104,26,33,2403,95,167,12.92284798
Kia,Rio 4dr auto,Sedan,Asia,Front,11155.00,10705.00,1.6,4,104,25,32,2458,95,167,12.92284798
Kia,Spectra 4dr,Sedan,Asia,Front,12360.00,11630.00,1.8,4,124,24,32,2661,101,178,13.34166406
Kia,Spectra GS 4dr hatch,Sedan,Asia,Front,13580.00,12830.00,1.8,4,124,24,32,2686,101,178,13.34166406
Kia,Spectra GSX 4dr hatch,Sedan,Asia,Front,14630.00,13790.00,1.8,4,124,24,32,2697,101,178,13.34166406
Kia,Optima LX V6 4dr,Sedan,Asia,Front,18435.00,16850.00,2.7,6,170,20,27,3279,106,186,13.6381817
Kia,Amanti 4dr,Sedan,Asia,Front,26000.00,23764.00,3.5,6,195,17,25,4021,110,196,14
Kia,Sedona LX,Sedan,Asia,Front,20615.00,19400.00,3.5,6,195,16,22,4802,115,194,13.92838828
Kia,Rio Cinco,Wagon,Asia,Front,11905.00,11410.00,1.6,4,104,26,33,2447,95,167,12.92284798
Land Rover,Range Rover HSE,SUV,Europe,All,72250.00,65807.00,4.4,8,282,12,16,5379,113,195,13.96424004
Land Rover,Discovery SE,SUV,Europe,All,39250.00,35777.00,4.6,8,217,12,16,4576,100,185,13.60147051
Land Rover,Freelander SE,SUV,Europe,All,25995.00,23969.00,2.5,6,174,18,21,3577,101,175,13.22875656
Lexus,GX 470,SUV,Asia,All,45700.00,39838.00,4.7,8,235,15,19,4740,110,188,13.7113092
Lexus,LX 470,SUV,Asia,All,64800.00,56455.00,4.7,8,235,13,17,5590,112,193,13.89244399
Lexus,RX 330,SUV,Asia,All,39195.00,34576.00,3.3,6,230,18,24,4065,107,186,13.6381817
Lexus,ES 330 4dr,Sedan,Asia,Front,32350.00,28755.00,3.3,6,225,20,29,3460,107,191,13.82027496
Lexus,IS 300 4dr manual,Sedan,Asia,Rear,31045.00,27404.00,3,6,215,18,25,3255,105,177,13.3041347
Lexus,IS 300 4dr auto,Sedan,Asia,Rear,32415.00,28611.00,3,6,215,18,24,3285,105,177,13.3041347
Lexus,GS 300 4dr,Sedan,Asia,Rear,41010.00,36196.00,3,6,220,18,25,3649,110,189,13.74772709
Lexus,GS 430 4dr,Sedan,Asia,Rear,48450.00,42232.00,4.3,8,300,18,23,3715,110,189,13.74772709
Lexus,LS 430 4dr,Sedan,Asia,Rear,55750.00,48583.00,4.3,8,290,18,25,3990,115,197,14.03566885
Lexus,SC 430 convertible 2dr,Sports,Asia,Rear,63200.00,55063.00,4.3,8,300,18,23,3840,103,178,13.34166406
Lexus,IS 300 SportCross,Wagon,Asia,Rear,32455.00,28647.00,3,6,215,18,24,3410,105,177,13.3041347
Lincoln,Navigator Luxury,SUV,USA,All,52775.00,46360.00,5.4,8,300,13,18,5969,119,206,14.35270009
Lincoln,Aviator Ultimate,SUV,USA,Front,42915.00,39443.00,4.6,8,302,13,18,4834,114,193,13.89244399
Lincoln,LS V6 Luxury 4dr,Sedan,USA,Rear,32495.00,29969.00,3,6,232,20,26,3681,115,194,13.92838828
Lincoln,LS V6 Premium 4dr,Sedan,USA,Rear,36895.00,33929.00,3,6,232,20,26,3681,115,194,13.92838828
Lincoln,LS V8 Sport 4dr,Sedan,USA,Rear,40095.00,36809.00,3.9,8,280,17,24,3768,115,194,13.92838828
Lincoln,LS V8 Ultimate 4dr,Sedan,USA,Rear,43495.00,39869.00,3.9,8,280,17,24,3768,115,194,13.92838828
Lincoln,Town Car Signature 4dr,Sedan,USA,Rear,41815.00,38418.00,4.6,8,239,17,25,4369,118,215,14.6628783
Lincoln,Town Car Ultimate 4dr,Sedan,USA,Rear,44925.00,41217.00,4.6,8,239,17,25,4369,118,215,14.6628783
Lincoln,Town Car Ultimate L 4dr,Sedan,USA,Rear,50470.00,46208.00,4.6,8,239,17,25,4474,124,221,14.86606875
MINI,Cooper,Sedan,Europe,Front,16999.00,15437.00,1.6,4,115,28,37,2524,97,143,11.95826074
MINI,Cooper S,Sedan,Europe,Front,19999.00,18137.00,1.6,4,163,25,34,2678,97,144,12
Mazda,Tribute DX 2.0,SUV,Asia,All,21087.00,19742.00,2,4,130,22,25,3091,103,173,13.15294644
Mazda,Mazda3 i 4dr,Sedan,Asia,Front,15500.00,14525.00,2,4,148,26,34,2696,104,178,13.34166406
Mazda,Mazda3 s 4dr,Sedan,Asia,Front,17200.00,15922.00,2.3,4,160,25,31,2762,104,179,13.37908816
Mazda,Mazda6 i 4dr,Sedan,Asia,Front,19270.00,17817.00,2.3,4,160,24,32,3042,105,187,13.67479433
Mazda,MPV ES,Sedan,Asia,Front,28750.00,26600.00,3,6,200,18,25,3812,112,188,13.7113092
Mazda,MX-5 Miata convertible 2dr,Sports,Asia,Rear,22388.00,20701.00,1.8,4,142,23,28,2387,89,156,12.489996
Mazda,MX-5 Miata LS convertible 2dr,Sports,Asia,Rear,25193.00,23285.00,1.8,4,142,23,28,2387,89,156,12.489996
Mazda,RX-8 4dr automatic,Sports,Asia,Rear,25700.00,23794.00,1.3,,197,18,25,3053,106,174,13.19090596
Mazda,RX-8 4dr manual,Sports,Asia,Rear,27200.00,25179.00,1.3,,238,18,24,3029,106,174,13.19090596
Mazda,B2300 SX Regular Cab,Truck,Asia,Rear,14840.00,14070.00,2.3,4,143,24,29,2960,112,188,13.7113092
Mazda,B4000 SE Cab Plus,Truck,Asia,All,22350.00,20482.00,4,6,207,15,19,3571,126,203,14.24780685
Mercedes-Benz,G500,SUV,Europe,All,76870.00,71540.00,5,8,292,13,14,5423,112,186,13.6381817
Mercedes-Benz,ML500,SUV,Europe,All,46470.00,43268.00,5,8,288,14,17,4874,111,183,13.52774926
Mercedes-Benz,C230 Sport 2dr,Sedan,Europe,Rear,26060.00,24249.00,1.8,4,189,22,30,3250,107,178,13.34166406
Mercedes-Benz,C320 Sport 2dr,Sedan,Europe,Rear,28370.00,26435.00,3.2,6,215,19,26,3430,107,178,13.34166406
Mercedes-Benz,C240 4dr,Sedan,Europe,Rear,32280.00,30071.00,2.6,6,168,20,25,3360,107,178,13.34166406
Mercedes-Benz,C240 4dr,Sedan,Europe,All,33480.00,31187.00,2.6,6,168,19,25,3360,107,178,13.34166406
Mercedes-Benz,C320 Sport 4dr,Sedan,Europe,Rear,35920.00,33456.00,3.2,6,215,19,26,3430,107,178,13.34166406
Mercedes-Benz,C320 4dr,Sedan,Europe,Rear,37630.00,35046.00,3.2,6,215,20,26,3450,107,178,13.34166406
Mercedes-Benz,C320 4dr,Sedan,Europe,All,38830.00,36162.00,3.2,6,215,19,27,3450,107,178,13.34166406
Mercedes-Benz,C32 AMG 4dr,Sedan,Europe,Rear,52120.00,48522.00,3.2,6,349,16,21,3540,107,178,13.34166406
Mercedes-Benz,CL500 2dr,Sedan,Europe,Rear,94820.00,88324.00,5,8,302,16,24,4085,114,196,14
Mercedes-Benz,CL600 2dr,Sedan,Europe,Rear,128420.00,119600.00,5.5,12,493,13,19,4473,114,196,14
Mercedes-Benz,CLK320 coupe 2dr (convertible),Sedan,Europe,Rear,45707.00,41966.00,3.2,6,215,20,26,3770,107,183,13.52774926
Mercedes-Benz,CLK500 coupe 2dr (convertible),Sedan,Europe,Rear,52800.00,49104.00,5,8,302,17,22,3585,107,183,13.52774926
Mercedes-Benz,E320 4dr,Sedan,Europe,Rear,48170.00,44849.00,3.2,6,221,19,27,3635,112,190,13.78404875
Mercedes-Benz,E500 4dr,Sedan,Europe,Rear,57270.00,53382.00,5,8,302,16,20,3815,112,190,13.78404875
Mercedes-Benz,S430 4dr,Sedan,Europe,Rear,74320.00,69168.00,4.3,8,275,18,26,4160,122,203,14.24780685
Mercedes-Benz,S500 4dr,Sedan,Europe,All,86970.00,80939.00,5,8,302,16,24,4390,122,203,14.24780685
Mercedes-Benz,SL500 convertible 2dr,Sports,Europe,Rear,90520.00,84325.00,5,8,302,16,23,4065,101,179,13.37908816
Mercedes-Benz,SL55 AMG 2dr,Sports,Europe,Rear,121770.00,113388.00,5.5,8,493,14,21,4235,101,179,13.37908816
Mercedes-Benz,SL600 convertible 2dr,Sports,Europe,Rear,126670.00,117854.00,5.5,12,493,13,19,4429,101,179,13.37908816
Mercedes-Benz,SLK230 convertible 2dr,Sports,Europe,Rear,40320.00,37548.00,2.3,4,192,21,29,3055,95,158,12.56980509
Mercedes-Benz,SLK32 AMG 2dr,Sports,Europe,Rear,56170.00,52289.00,3.2,6,349,17,22,3220,95,158,12.56980509
Mercedes-Benz,C240,Wagon,Europe,Rear,33780.00,31466.00,2.6,6,168,19,25,3470,107,179,13.37908816
Mercedes-Benz,E320,Wagon,Europe,Rear,50670.00,47174.00,3.2,6,221,19,27,3966,112,190,13.78404875
Mercedes-Benz,E500,Wagon,Europe,All,60670.00,56474.00,5,8,302,16,24,4230,112,190,13.78404875
Mercury,Mountaineer,SUV,USA,Front,29995.00,27317.00,4,6,210,16,21,4374,114,190,13.78404875
Mercury,Sable GS 4dr,Sedan,USA,Front,21595.00,19848.00,3,6,155,20,27,3308,109,200,14.14213562
Mercury,Grand Marquis GS 4dr,Sedan,USA,Rear,24695.00,23217.00,4.6,8,224,17,25,4052,115,212,14.56021978
Mercury,Grand Marquis LS Premium 4dr,Sedan,USA,Rear,29595.00,27148.00,4.6,8,224,17,25,4052,115,212,14.56021978
Mercury,Sable LS Premium 4dr,Sedan,USA,Front,23895.00,21918.00,3,6,201,19,26,3315,109,200,14.14213562
Mercury,Grand Marquis LS Ultimate 4dr,Sedan,USA,Rear,30895.00,28318.00,4.6,8,224,17,25,4052,115,212,14.56021978
Mercury,Marauder 4dr,Sedan,USA,Rear,34495.00,31558.00,4.6,8,302,17,23,4195,115,212,14.56021978
Mercury,Monterey Luxury,Sedan,USA,Front,33995.00,30846.00,4.2,6,201,16,23,4340,121,202,14.2126704
Mercury,Sable GS,Wagon,USA,Front,22595.00,20748.00,3,6,155,19,26,3488,109,198,14.07124728
Mitsubishi,Endeavor XLS,SUV,Asia,All,30492.00,28330.00,3.8,6,215,17,21,4134,109,190,13.78404875
Mitsubishi,Montero XLS,SUV,Asia,All,33112.00,30763.00,3.8,6,215,15,19,4718,110,190,13.78404875
Mitsubishi,Outlander LS,SUV,Asia,Front,18892.00,17569.00,2.4,4,160,21,27,3240,103,179,13.37908816
Mitsubishi,Lancer ES 4dr,Sedan,Asia,Front,14622.00,13751.00,2,4,120,25,31,2656,102,181,13.45362405
Mitsubishi,Lancer LS 4dr,Sedan,Asia,Front,16722.00,15718.00,2,4,120,25,31,2795,102,181,13.45362405
Mitsubishi,Galant ES 2.4L 4dr,Sedan,Asia,Front,19312.00,17957.00,2.4,4,160,23,30,3351,108,191,13.82027496
Mitsubishi,Lancer OZ Rally 4dr auto,Sedan,Asia,Front,17232.00,16196.00,2,4,120,25,31,2744,102,181,13.45362405
Mitsubishi,Diamante LS 4dr,Sedan,Asia,Front,29282.00,27250.00,3.5,6,205,18,25,3549,107,194,13.92838828
Mitsubishi,Galant GTS 4dr,Sedan,Asia,Front,25700.00,23883.00,3.8,6,230,18,26,3649,108,191,13.82027496
Mitsubishi,Eclipse GTS 2dr,Sports,Asia,Front,25092.00,23456.00,3,6,210,21,28,3241,101,177,13.3041347
Mitsubishi,Eclipse Spyder GT convertible 2dr,Sports,Asia,Front,26992.00,25218.00,3,6,210,21,28,3296,101,177,13.3041347
Mitsubishi,Lancer Evolution 4dr,Sports,Asia,Front,29562.00,27466.00,2,4,271,18,26,3263,103,179,13.37908816
Mitsubishi,Lancer Sportback LS,Wagon,Asia,Front,17495.00,16295.00,2.4,4,160,25,31,3020,102,181,13.45362405
Nissan,Pathfinder Armada SE,SUV,Asia,Front,33840.00,30815.00,5.6,8,305,13,19,5013,123,207,14.38749457
Nissan,Pathfinder SE,SUV,Asia,Front,27339.00,25972.00,3.5,6,240,16,21,3871,106,183,13.52774926
Nissan,Xterra XE V6,SUV,Asia,Front,20939.00,19512.00,3.3,6,180,17,20,3760,104,178,13.34166406
Nissan,Sentra 1.8 4dr,Sedan,Asia,Front,12740.00,12205.00,1.8,4,126,28,35,2513,100,178,13.34166406
Nissan,Sentra 1.8 S 4dr,Sedan,Asia,Front,14740.00,13747.00,1.8,4,126,28,35,2581,100,178,13.34166406
Nissan,Altima S 4dr,Sedan,Asia,Front,19240.00,18030.00,2.5,4,175,21,26,3039,110,192,13.85640646
Nissan,Sentra SE-R 4dr,Sedan,Asia,Front,17640.00,16444.00,2.5,4,165,23,28,2761,100,178,13.34166406
Nissan,Altima SE 4dr,Sedan,Asia,Front,23290.00,21580.00,3.5,6,245,21,26,3197,110,192,13.85640646
Nissan,Maxima SE 4dr,Sedan,Asia,Front,27490.00,25182.00,3.5,6,265,20,28,3473,111,194,13.92838828
Nissan,Maxima SL 4dr,Sedan,Asia,Front,29440.00,26966.00,3.5,6,265,20,28,3476,111,194,13.92838828
Nissan,Quest S,Sedan,Asia,Front,24780.00,22958.00,3.5,6,240,19,26,4012,124,204,14.28285686
Nissan,Quest SE,Sedan,Asia,Front,32780.00,30019.00,3.5,6,240,18,25,4175,124,204,14.28285686
Nissan,350Z coupe 2dr,Sports,Asia,Rear,26910.00,25203.00,3.5,6,287,20,26,3188,104,169,13
Nissan,350Z Enthusiast convertible 2dr,Sports,Asia,Rear,34390.00,31845.00,3.5,6,287,20,26,3428,104,169,13
Nissan,Frontier King Cab XE V6,Truck,Asia,All,19479.00,18253.00,3.3,6,180,17,20,3932,116,191,13.82027496
Nissan,Titan King Cab XE,Truck,Asia,All,26650.00,24926.00,5.6,8,305,14,18,5287,140,224,14.96662955
Nissan,Murano SL,Wagon,Asia,Rear,28739.00,27300.00,3.5,6,245,20,25,3801,111,188,13.7113092
Oldsmobile,Alero GX 2dr,Sedan,USA,Front,18825.00,17642.00,2.2,4,140,24,32,2946,107,187,13.67479433
Oldsmobile,Alero GLS 2dr,Sedan,USA,Front,23675.00,21485.00,3.4,6,170,20,29,3085,107,187,13.67479433
Oldsmobile,Silhouette GL,Sedan,USA,Front,28790.00,26120.00,3.4,6,185,19,26,3948,120,201,14.17744688
Pontiac,Aztekt,SUV,USA,Front,21595.00,19810.00,3.4,6,185,19,26,3779,108,182,13.49073756
Pontiac,Sunfire 1SA 2dr,Sedan,USA,Front,15495.00,14375.00,2.2,4,140,24,33,2771,104,182,13.49073756
Pontiac,Grand Am GT 2dr,Sedan,USA,Front,22450.00,20595.00,3.4,6,175,20,29,3118,107,186,13.6381817
Pontiac,Grand Prix GT1 4dr,Sedan,USA,Front,22395.00,20545.00,3.8,6,200,20,30,3477,111,198,14.07124728
Pontiac,Sunfire 1SC 2dr,Sedan,USA,Front,17735.00,16369.00,2.2,4,140,24,33,2771,104,182,13.49073756
Pontiac,Grand Prix GT2 4dr,Sedan,USA,Front,24295.00,22284.00,3.8,6,200,20,30,3484,111,198,14.07124728
Pontiac,Bonneville GXP 4dr,Sedan,USA,Front,35995.00,32997.00,4.6,8,275,17,20,3790,112,203,14.24780685
Pontiac,Montana,Sedan,USA,Front,23845.00,21644.00,3.4,6,185,19,26,3803,112,187,13.67479433
Pontiac,Montana EWB,Sedan,USA,All,31370.00,28454.00,3.4,6,185,18,24,4431,121,201,14.17744688
Pontiac,GTO 2dr,Sports,USA,Rear,33500.00,30710.00,5.7,8,340,16,20,3725,110,190,13.78404875
Pontiac,Vibe,Wagon,USA,Rear,17045.00,15973.00,1.8,4,130,29,36,2701,102,172,13.11487705
Porsche,Cayenne S,SUV,Europe,All,56665.00,49865.00,4.5,8,340,14,18,4950,112,188,13.7113092
Porsche,911 Carrera convertible 2dr (coupe),Sports,Europe,Rear,79165.00,69229.00,3.6,6,315,18,26,3135,93,175,13.22875656
Porsche,911 Carrera 4S coupe 2dr (convert),Sports,Europe,All,84165.00,72206.00,3.6,6,315,17,24,3240,93,175,13.22875656
Porsche,911 Targa coupe 2dr,Sports,Europe,Rear,76765.00,67128.00,3.6,6,315,18,26,3119,93,175,13.22875656
Porsche,911 GT2 2dr,Sports,Europe,Rear,192465.00,173560.00,3.6,6,477,17,24,3131,93,175,13.22875656
Porsche,Boxster convertible 2dr,Sports,Europe,Rear,43365.00,37886.00,2.7,6,228,20,29,2811,95,170,13.03840481
Porsche,Boxster S convertible 2dr,Sports,Europe,Rear,52365.00,45766.00,3.2,6,258,18,26,2911,95,170,13.03840481
Saab,9-3 Arc Sport 4dr,Sedan,Europe,Front,30860.00,29269.00,2,4,210,20,28,3175,105,183,13.52774926
Saab,9-3 Aero 4dr,Sedan,Europe,Front,33360.00,31562.00,2,4,210,20,28,3175,105,183,13.52774926
Saab,9-5 Arc 4dr,Sedan,Europe,Front,35105.00,33011.00,2.3,4,220,21,29,3470,106,190,13.78404875
Saab,9-5 Aero 4dr,Sedan,Europe,Front,39465.00,37721.00,2.3,4,250,21,29,3470,106,190,13.78404875
Saab,9-3 Arc convertible 2dr,Sedan,Europe,Front,40670.00,38520.00,2,4,210,21,29,3480,105,182,13.49073756
Saab,9-3 Aero convertible 2dr,Sedan,Europe,Front,43175.00,40883.00,2,4,210,21,30,3700,105,182,13.49073756
Saab,9-5 Aero,Wagon,Europe,Front,40845.00,38376.00,2.3,4,250,19,29,3620,106,190,13.78404875
Saturn,VUE,SUV,USA,All,20585.00,19238.00,2.2,4,143,21,26,3381,107,181,13.45362405
Saturn,Ion1 4dr,Sedan,USA,Front,10995.00,10319.00,2.2,4,140,26,35,2692,103,185,13.60147051
Saturn,lon2 4dr,Sedan,USA,Front,14300.00,13393.00,2.2,4,140,26,35,2692,103,185,13.60147051
Saturn,lon3 4dr,Sedan,USA,Front,15825.00,14811.00,2.2,4,140,26,35,2692,103,185,13.60147051
Saturn,lon2 quad coupe 2dr,Sedan,USA,Front,14850.00,13904.00,2.2,4,140,26,35,2751,103,185,13.60147051
Saturn,lon3 quad coupe 2dr,Sedan,USA,Front,16350.00,15299.00,2.2,4,140,26,35,2751,103,185,13.60147051
Saturn,L300-2 4dr,Sedan,USA,Front,21410.00,19801.00,3,6,182,20,28,3197,107,190,13.78404875
Saturn,L300 2,Wagon,USA,Front,23560.00,21779.00,2.2,4,140,24,34,3109,107,190,13.78404875
Scion,xA 4dr hatch,Sedan,Asia,Front,12965.00,12340.00,1.5,4,108,32,38,2340,93,154,12.40967365
Scion,xB,Wagon,Asia,Front,14165.00,13480.00,1.5,4,108,31,35,2425,98,155,12.4498996
Subaru,Impreza 2.5 RS 4dr,Sedan,Asia,All,19945.00,18399.00,2.5,4,165,22,28,2965,99,174,13.19090596
Subaru,Legacy L 4dr,Sedan,Asia,All,20445.00,18713.00,2.5,4,165,21,28,3285,104,184,13.56465997
Subaru,Legacy GT 4dr,Sedan,Asia,All,25645.00,23336.00,2.5,4,165,21,28,3395,104,184,13.56465997
Subaru,Outback Limited Sedan 4dr,Sedan,Asia,All,27145.00,24687.00,2.5,4,165,20,27,3495,104,184,13.56465997
Subaru,Outback H6 4dr,Sedan,Asia,All,29345.00,26660.00,3,6,212,19,26,3610,104,184,13.56465997
Subaru,Outback H-6 VDC 4dr,Sedan,Asia,All,31545.00,28603.00,3,6,212,19,26,3630,104,184,13.56465997
Subaru,Impreza WRX 4dr,Sports,Asia,All,25045.00,23022.00,2,4,227,20,27,3085,99,174,13.19090596
Subaru,Impreza WRX STi 4dr,Sports,Asia,All,31545.00,29130.00,2.5,4,300,18,24,3263,100,174,13.19090596
Subaru,Baja,Truck,Asia,All,24520.00,22304.00,2.5,4,165,21,28,3485,104,193,13.89244399
Subaru,Forester X,Wagon,Asia,All,21445.00,19646.00,2.5,4,165,21,28,3090,99,175,13.22875656
Subaru,Outback,Wagon,Asia,All,23895.00,21773.00,2.5,4,165,21,28,3430,104,187,13.67479433
Suzuki,XL-7 EX,SUV,Asia,Front,23699.00,22307.00,2.7,6,185,18,22,3682,110,187,13.67479433
Suzuki,Vitara LX,SUV,Asia,All,17163.00,16949.00,2.5,6,165,19,22,3020,98,163,12.76714534
Suzuki,Aeno S 4dr,Sedan,Asia,Front,12884.00,12719.00,2.3,4,155,25,31,2676,98,171,13.07669683
Suzuki,Aerio LX 4dr,Sedan,Asia,Front,14500.00,14317.00,2.3,4,155,25,31,2676,98,171,13.07669683
Suzuki,Forenza S 4dr,Sedan,Asia,Front,12269.00,12116.00,2,4,119,24,31,2701,102,177,13.3041347
Suzuki,Forenza EX 4dr,Sedan,Asia,Front,15568.00,15378.00,2,4,119,22,30,2756,102,177,13.3041347
Suzuki,Verona LX 4dr,Sedan,Asia,Front,17262.00,17053.00,2.5,6,155,20,27,3380,106,188,13.7113092
Suzuki,Aerio SX,Wagon,Asia,All,16497.00,16291.00,2.3,4,155,24,29,2932,98,167,12.92284798
Toyota,Prius 4dr (gas/electric),Hybrid,Asia,Front,20510.00,18926.00,1.5,4,110,59,51,2890,106,175,13.22875656
Toyota,Sequoia SR5,SUV,Asia,All,35695.00,31827.00,4.7,8,240,14,17,5270,118,204,14.28285686
Toyota,4Runner SR5 V6,SUV,Asia,Front,27710.00,24801.00,4,6,245,18,21,4035,110,189,13.74772709
Toyota,Highlander V6,SUV,Asia,All,27930.00,24915.00,3.3,6,230,18,24,3935,107,185,13.60147051
Toyota,Land Cruiser,SUV,Asia,All,54765.00,47986.00,4.7,8,325,13,17,5390,112,193,13.89244399
Toyota,RAV4,SUV,Asia,All,20290.00,18553.00,2.4,4,161,22,27,3119,98,167,12.92284798
Toyota,Corolla CE 4dr,Sedan,Asia,Front,14085.00,13065.00,1.8,4,130,32,40,2502,102,178,13.34166406
Toyota,Corolla S 4dr,Sedan,Asia,Front,15030.00,13650.00,1.8,4,130,32,40,2524,102,178,13.34166406
Toyota,Corolla LE 4dr,Sedan,Asia,Front,15295.00,13889.00,1.8,4,130,32,40,2524,102,178,13.34166406
Toyota,Echo 2dr manual,Sedan,Asia,Front,10760.00,10144.00,1.5,4,108,35,43,2035,93,163,12.76714534
Toyota,Echo 2dr auto,Sedan,Asia,Front,11560.00,10896.00,1.5,4,108,33,39,2085,93,163,12.76714534
Toyota,Echo 4dr,Sedan,Asia,Front,11290.00,10642.00,1.5,4,108,35,43,2055,93,163,12.76714534
Toyota,Camry LE 4dr,Sedan,Asia,Front,19560.00,17558.00,2.4,4,157,24,33,3086,107,189,13.74772709
Toyota,Camry LE V6 4dr,Sedan,Asia,Front,22775.00,20325.00,3,6,210,21,29,3296,107,189,13.74772709
Toyota,Camry Solara SE 2dr,Sedan,Asia,Front,19635.00,17722.00,2.4,4,157,24,33,3175,107,193,13.89244399
Toyota,Camry Solara SE V6 2dr,Sedan,Asia,Front,21965.00,19819.00,3.3,6,225,20,29,3417,107,193,13.89244399
Toyota,Avalon XL 4dr,Sedan,Asia,Front,26560.00,23693.00,3,6,210,21,29,3417,107,192,13.85640646
Toyota,Camry XLE V6 4dr,Sedan,Asia,Front,25920.00,23125.00,3,6,210,21,29,3362,107,189,13.74772709
Toyota,Camry Solara SLE V6 2dr,Sedan,Asia,Front,26510.00,23908.00,3.3,6,225,20,29,3439,107,193,13.89244399
Toyota,Avalon XLS 4dr,Sedan,Asia,Front,30920.00,27271.00,3,6,210,21,29,3439,107,192,13.85640646
Toyota,Sienna CE,Sedan,Asia,Front,23495.00,21198.00,3.3,6,230,19,27,4120,119,200,14.14213562
Toyota,Sienna XLE Limited,Sedan,Asia,Front,28800.00,25690.00,3.3,6,230,19,27,4165,119,200,14.14213562
Toyota,Celica GT-S 2dr,Sports,Asia,Front,22570.00,20363.00,1.8,4,180,24,33,2500,102,171,13.07669683
Toyota,MR2 Spyder convertible 2dr,Sports,Asia,Rear,25130.00,22787.00,1.8,4,138,26,32,2195,97,153,12.36931688
Toyota,Tacoma,Truck,Asia,Rear,12800.00,11879.00,2.4,4,142,22,27,2750,103,191,13.82027496
Toyota,Tundra Regular Cab V6,Truck,Asia,Rear,16495.00,14978.00,3.4,6,190,16,18,3925,128,218,14.76482306
Toyota,Tundra Access Cab V6 SR5,Truck,Asia,All,25935.00,23520.00,3.4,6,190,14,17,4435,128,218,14.76482306
Toyota,Matrix XR,Wagon,Asia,Front,16695.00,15156.00,1.8,4,130,29,36,2679,102,171,13.07669683
Volkswagen,Touareg V6,SUV,Europe,All,35515.00,32243.00,3.2,6,220,15,20,5086,112,187,13.67479433
Volkswagen,Golf GLS 4dr,Sedan,Europe,Front,18715.00,17478.00,2,4,115,24,31,2897,99,165,12.84523258
Volkswagen,GTI 1.8T 2dr hatch,Sedan,Europe,Front,19825.00,18109.00,1.8,4,180,24,31,2934,99,168,12.9614814
Volkswagen,Jetta GLS TDI 4dr,Sedan,Europe,Front,21055.00,19638.00,1.9,4,100,38,46,3003,99,172,13.11487705
Volkswagen,New Beetle GLS 1.8T 2dr,Sedan,Europe,Front,21055.00,19638.00,1.8,4,150,24,31,2820,99,161,12.68857754
Volkswagen,Jetta GLI VR6 4dr,Sedan,Europe,Front,23785.00,21686.00,2.8,6,200,21,30,3179,99,172,13.11487705
Volkswagen,New Beetle GLS convertible 2dr,Sedan,Europe,Front,23215.00,21689.00,2,4,115,24,30,3082,99,161,12.68857754
Volkswagen,Passat GLS 4dr,Sedan,Europe,Front,23955.00,21898.00,1.8,4,170,22,31,3241,106,185,13.60147051
Volkswagen,Passat GLX V6 4MOTION 4dr,Sedan,Europe,Front,33180.00,30583.00,2.8,6,190,19,26,3721,106,185,13.60147051
Volkswagen,Passat W8 4MOTION 4dr,Sedan,Europe,Front,39235.00,36052.00,4,8,270,18,25,3953,106,185,13.60147051
Volkswagen,Phaeton 4dr,Sedan,Europe,Front,65000.00,59912.00,4.2,8,335,16,22,5194,118,204,14.28285686
Volkswagen,Phaeton W12 4dr,Sedan,Europe,Front,75000.00,69130.00,6,12,420,12,19,5399,118,204,14.28285686
Volkswagen,Jetta GL,Wagon,Europe,Front,19005.00,17427.00,2,4,115,24,30,3034,99,174,13.19090596
Volkswagen,Passat GLS 1.8T,Wagon,Europe,Front,24955.00,22801.00,1.8,4,170,22,31,3338,106,184,13.56465997
Volkswagen,Passat W8,Wagon,Europe,Front,40235.00,36956.00,4,8,270,18,25,4067,106,184,13.56465997
Volvo,XC90 T6,SUV,Europe,All,41250.00,38851.00,2.9,6,268,15,20,4638,113,189,13.74772709
Volvo,S40 4dr,Sedan,Europe,Front,25135.00,23701.00,1.9,4,170,22,29,2767,101,178,13.34166406
Volvo,S60 2.5 4dr,Sedan,Europe,All,31745.00,29916.00,2.5,5,208,20,27,3903,107,180,13.41640787
Volvo,S60 T5 4dr,Sedan,Europe,Front,34845.00,32902.00,2.3,5,247,20,28,3766,107,180,13.41640787
Volvo,S60 R 4dr,Sedan,Europe,All,37560.00,35382.00,2.5,5,300,18,25,3571,107,181,13.45362405
Volvo,S80 2.9 4dr,Sedan,Europe,Front,37730.00,35542.00,2.9,6,208,20,28,3576,110,190,13.78404875
Volvo,S80 2.5T 4dr,Sedan,Europe,All,37885.00,35688.00,2.5,5,194,20,27,3691,110,190,13.78404875
Volvo,C70 LPT convertible 2dr,Sedan,Europe,Front,40565.00,38203.00,2.4,5,197,21,28,3450,105,186,13.6381817
Volvo,C70 HPT convertible 2dr,Sedan,Europe,Front,42565.00,40083.00,2.3,5,242,20,26,3450,105,186,13.6381817
Volvo,S80 T6 4dr,Sedan,Europe,Front,45210.00,42573.00,2.9,6,268,19,26,3653,110,190,13.78404875
Volvo,V40,Wagon,Europe,Front,26135.00,24641.00,1.9,4,170,22,29,2822,101,180,13.41640787
Volvo,XC70,Wagon,Europe,All,35145.00,33112.00,2.5,5,208,20,27,3823,109,186,13.6381817
